Episode,Result,Total Reward,q_values,steps,epsilon
1,Success,-3424.3073868404763,0.0,786,0.999
2,Success,-518.9346880400497,0.0,212,0.998001
3,Success,99.33550489775399,0.0,46,0.997002999
4,Success,-1340.7698808505825,0.0,349,0.996005996001
5,Success,-1262.036782999502,0.0,329,0.995009990004999
6,Success,-688.8117709039042,0.0,230,0.994014980014994
7,Success,-722.7492500725241,0.0,292,0.993020965034979
8,Success,-2569.5206473038393,0.0,569,0.9920279440699441
9,Success,-447.89100424364506,0.0,198,0.9910359161258742
10,Success,-648.5213075973534,0.0,191,0.9900448802097482
11,Success,-580.4743811802858,0.0,186,0.9890548353295385
12,Success,-710.1493648485042,0.0,270,0.988065780494209
13,Success,-976.7477359550793,0.0,328,0.9870777147137147
14,Success,-206.36239966159755,0.0,143,0.986090636999001
15,Success,-1800.7498888672264,0.0,470,0.9851045463620021
16,Success,-964.8385271511464,0.0,259,0.98411944181564
17,Success,-1238.4996516649364,0.0,374,0.9831353223738244
18,Success,-1043.3171848229097,0.0,269,0.9821521870514506
19,Success,-1037.0545866986986,0.0,383,0.9811700348643991
20,Success,91.41111134503102,0.0,55,0.9801888648295347
21,Success,-1522.7184876951897,0.0,423,0.9792086759647052
22,Success,-1514.709860520681,0.0,493,0.9782294672887405
23,Success,-1582.8317137560996,0.0,438,0.9772512378214517
24,Success,-124.83692221975005,0.0,126,0.9762739865836303
25,Success,-22.973332732519708,0.0,108,0.9752977125970467
26,Success,-186.38611098014323,0.0,101,0.9743224148844496
27,Success,-172.08185636941116,0.0,103,0.9733480924695651
28,Success,-1628.0532462400186,0.0,540,0.9723747443770956
29,Success,-363.0342596592934,0.0,157,0.9714023696327185
30,Success,-239.20181960140982,0.0,114,0.9704309672630859
31,Success,-256.4959691379237,0.0,136,0.9694605362958227
32,Success,-653.0833689804149,0.0,239,0.9684910757595269
33,Success,-72.3224416189596,0.0,100,0.9675225846837673
34,Success,-223.56072563164307,0.0,83,0.9665550620990835
35,Success,-1576.7127544550074,0.0,354,0.9655885070369844
36,Success,89.80481285235358,0.0,72,0.9646229185299474
37,Success,-2869.9040776201427,0.0,716,0.9636582956114175
38,Success,-682.9317807320283,0.0,287,0.9626946373158061
39,Success,-1362.8707951114886,0.0,395,0.9617319426784903
40,Success,-154.2929731827665,0.0,95,0.9607702107358118
41,Success,-235.70000000000036,0.0,142,0.959809440525076
42,Success,-667.7281338469197,0.0,233,0.9588496310845509
43,Success,-455.85515595075697,0.0,175,0.9578907814534664
44,Success,-915.3982267409575,0.0,281,0.9569328906720129
45,Success,-1451.7686595939883,0.0,375,0.9559759577813409
46,Success,-1371.8289347558882,0.0,394,0.9550199818235596
47,Success,-110.09304228231252,0.0,85,0.9540649618417361
48,Success,-1417.0328572333972,0.0,400,0.9531108968798944
49,Success,-182.35413097442833,0.0,149,0.9521577859830145
50,Success,-396.6665827961874,0.0,179,0.9512056281970315
51,Success,-991.5351008584993,0.0,241,0.9502544225688344
52,Success,-2305.111725731036,0.0,687,0.9493041681462656
53,Success,-1439.7737199924609,0.0,339,0.9483548639781193
54,Success,-762.8363986245249,0.0,229,0.9474065091141411
55,Success,-1029.777237379546,0.0,351,0.946459102605027
56,Success,-645.1738958122678,0.0,202,0.9455126435024219
57,Success,-1187.0566556122967,0.0,401,0.9445671308589195
58,Success,112.06064566769045,0.0,72,0.9436225637280606
59,Success,-625.679053105185,0.0,334,0.9426789411643326
60,Success,-834.425753671483,0.0,370,0.9417362622231683
61,Success,65.06775244887699,0.0,29,0.9407945259609451
62,Success,-1057.5268882620965,0.0,370,0.9398537314349842
63,Success,-39.6999999999999,0.0,57,0.9389138777035492
64,Success,-1232.5105883843844,0.0,420,0.9379749638258457
65,Success,-203.80724974333666,0.0,137,0.9370369888620198
66,Success,-1285.9416007658735,0.0,437,0.9360999518731578
67,Success,-1260.974501795689,0.0,478,0.9351638519212846
68,Success,-702.8095625646239,0.0,270,0.9342286880693633
69,Success,-584.8796390641103,0.0,145,0.933294459381294
70,Success,-333.3777969762541,0.0,143,0.9323611649219127
71,Success,-753.0754223098113,0.0,231,0.9314288037569908
72,Success,-514.1970156905998,0.0,180,0.9304973749532338
73,Success,-815.3243853522731,0.0,225,0.9295668775782806
74,Success,-295.500000000001,0.0,130,0.9286373107007023
75,Success,-106.13097864389326,0.0,96,0.9277086733900016
76,Success,-1263.7070052105007,0.0,367,0.9267809647166116
77,Success,-650.877692893093,0.0,275,0.925854183751895
78,Success,-1329.7967755410584,0.0,406,0.9249283295681431
79,Success,-273.67589979889624,0.0,154,0.9240034012385749
80,Success,-68.96457506619831,0.0,79,0.9230793978373364
81,Success,-69.3201550944332,0.0,88,0.9221563184394991
82,Success,-788.1364777353318,0.0,292,0.9212341621210596
83,Success,-90.73225147004291,0.0,96,0.9203129279589385
84,Success,-707.2407306700828,0.0,309,0.9193926150309796
85,Success,-334.70007376500575,0.0,160,0.9184732224159486
86,Success,23.383837981060964,0.0,42,0.9175547491935327
87,Success,64.56499918099888,0.0,68,0.9166371944443392
88,Success,-642.6386204991692,0.0,254,0.9157205572498949
89,Success,-149.40517367170122,0.0,128,0.914804836692645
90,Success,-241.68328716129852,0.0,135,0.9138900318559524
91,Success,-523.3495308454644,0.0,192,0.9129761418240965
92,Success,-456.16908173695356,0.0,151,0.9120631656822724
93,Success,9.557308357107019,0.0,73,0.9111511025165902
94,Success,38.89624073039423,0.0,87,0.9102399514140735
95,Success,-289.64987631772954,0.0,138,0.9093297114626595
96,Success,-1754.6455957323788,0.0,499,0.9084203817511969
97,Success,44.467752448876986,0.0,60,0.9075119613694457
98,Success,-153.88475945816523,0.0,114,0.9066044494080763
99,Success,-897.6309417055959,0.0,256,0.9056978449586682
100,Success,-564.5335764571468,0.0,189,0.9047921471137096
101,Success,-632.13100991419,0.0,200,0.9038873549665959
102,Success,-422.09563334080167,0.0,143,0.9029834676116293
103,Success,-1136.1382556387064,0.0,332,0.9020804841440176
104,Success,-424.18482161293616,0.0,185,0.9011784036598737
105,Success,-449.52327098047533,0.0,163,0.9002772252562138
106,Success,-523.1661780504992,0.0,188,0.8993769480309576
107,Success,82.22129133538093,0.0,58,0.8984775710829266
108,Success,-265.72224900471065,0.0,124,0.8975790935118436
109,Success,-161.1936878291281,0.0,77,0.8966815144183318
110,Success,-991.6101202320666,0.0,291,0.8957848329039134
111,Success,-207.77455187751397,0.0,147,0.8948890480710096
112,Success,-90.41039376349559,0.0,81,0.8939941590229386
113,Success,-1.3939207243577414,0.0,147,0.8931001648639156
114,Success,83.76064566769045,0.0,65,0.8922070646990518
115,Success,-273.56155281280894,0.0,130,0.8913148576343527
116,Success,70.86064566769042,0.0,49,0.8904235427767183
117,Success,-24.176403660198446,0.0,85,0.8895331192339416
118,Success,-56.70093366073536,0.0,77,0.8886435861147077
119,Success,-116.54908988394314,0.0,155,0.887754942528593
120,Success,-1129.5746463670796,0.0,375,0.8868671875860644
121,Success,18.24825311935456,0.0,89,0.8859803203984784
122,Success,49.73828932958905,0.0,97,0.88509434007808
123,Success,-1597.8356103830827,0.0,455,0.8842092457380019
124,Success,-364.75928150493974,0.0,179,0.8833250364922639
125,Success,-228.27000291919077,0.0,149,0.8824417114557717
126,Success,56.03923080718822,0.0,53,0.8815592697443159
127,Success,-864.88254686712,0.0,349,0.8806777104745716
128,Success,-935.3049064534092,0.0,310,0.8797970327640969
129,Success,-116.71984480178921,0.0,122,0.8789172357313328
130,Success,-1051.905126136068,0.0,345,0.8780383184956015
131,Success,-126.00627960002043,0.0,71,0.8771602801771059
132,Success,-452.6470143275966,0.0,146,0.8762831198969288
133,Success,-1255.8677436547719,0.0,366,0.8754068367770318
134,Success,-714.4543694483207,0.0,257,0.8745314299402548
135,Success,-178.16073768125747,0.0,134,0.8736568985103146
136,Success,-250.735848741441,0.0,147,0.8727832416118043
137,Success,-70.35253992706714,0.0,101,0.8719104583701925
138,Success,-663.2178813779142,0.0,216,0.8710385479118223
139,Success,-964.0914541824785,0.0,297,0.8701675093639105
140,Success,-112.70710678118633,0.0,55,0.8692973418545467
141,Success,-246.88031164891865,0.0,126,0.8684280445126921
142,Success,-1353.3708020963634,0.0,297,0.8675596164681794
143,Success,-219.41804271664066,0.0,101,0.8666920568517111
144,Success,-44.632247551122674,0.0,86,0.8658253647948594
145,Success,53.163264854714626,0.0,56,0.8649595394300645
146,Success,-343.8538774677397,0.0,140,0.8640945798906344
147,Success,12.626728846510247,0.0,64,0.8632304853107438
148,Success,22.462979238514038,0.0,76,0.862367254825433
149,Success,-509.874009679045,0.0,137,0.8615048875706075
150,Success,-639.900000000003,0.0,194,0.8606433826830369
151,Success,-1198.473698126143,0.0,406,0.8597827393003539
152,Success,-677.1349730065376,0.0,233,0.8589229565610536
153,Success,-1517.6594376962237,0.0,428,0.8580640336044925
154,Success,120.7365496863988,0.0,51,0.857205969570888
155,Success,-96.89024449535927,0.0,106,0.8563487636013172
156,Success,-679.3138832523096,0.0,222,0.8554924148377159
157,Success,-2826.987581812314,0.0,698,0.8546369224228781
158,Success,18.645922685088735,0.0,86,0.8537822855004553
159,Success,-353.4651332618538,0.0,200,0.8529285032149548
160,Success,-1105.2297652682769,0.0,283,0.8520755747117399
161,Success,165.74261167894056,0.0,39,0.8512234991370281
162,Success,-439.72523508309587,0.0,185,0.8503722756378911
163,Success,52.560645667690615,0.0,52,0.8495219033622532
164,Success,-378.87699526557503,0.0,156,0.8486723814588909
165,Success,-292.11722581638605,0.0,139,0.847823709077432
166,Success,-106.02091589486943,0.0,93,0.8469758853683546
167,Success,-1188.9966924709438,0.0,316,0.8461289094829862
168,Success,-116.34833970779195,0.0,104,0.8452827805735033
169,Success,-135.34651869193323,0.0,81,0.8444374977929298
170,Success,-1972.7970482910373,0.0,499,0.8435930602951368
171,Success,-802.3988321208217,0.0,241,0.8427494672348417
172,Success,-136.98971583613465,0.0,91,0.8419067177676068
173,Success,128.86147284885635,0.0,22,0.8410648110498392
174,Success,77.42839811656744,0.0,43,0.8402237462387894
175,Success,-24.32976600762521,0.0,82,0.8393835224925505
176,Success,-754.8670420726575,0.0,236,0.838544138970058
177,Success,139.79999999999998,0.0,42,0.8377055948310879
178,Success,115.93633207891992,0.0,53,0.8368678892362568
179,Success,-505.4399002058833,0.0,227,0.8360310213470206
180,Success,-558.8271514749873,0.0,218,0.8351949903256736
181,Success,-1332.2251407699302,0.0,399,0.8343597953353479
182,Success,90.36064566769043,0.0,74,0.8335254355400126
183,Success,-3.558462992678642,0.0,65,0.8326919101044725
184,Success,128.06064566769047,0.0,22,0.831859218194368
185,Success,-163.29373983299533,0.0,112,0.8310273589761736
186,Success,-840.9894468506267,0.0,245,0.8301963316171974
187,Success,-384.89825629983943,0.0,188,0.8293661352855802
188,Success,-2346.9669185438893,0.0,535,0.8285367691502946
189,Success,56.153944108647565,0.0,77,0.8277082323811443
190,Success,-532.4224547390309,0.0,208,0.8268805241487632
191,Success,-416.7485530003041,0.0,214,0.8260536436246144
192,Success,86.15910036296525,0.0,39,0.8252275899809898
193,Success,-192.1302379377856,0.0,119,0.8244023623910088
194,Success,36.91879818737929,0.0,61,0.8235779600286178
195,Success,-275.43920494598933,0.0,142,0.8227543820685892
196,Success,-599.4766547179123,0.0,179,0.8219316276865206
197,Success,-273.5039678380333,0.0,111,0.8211096960588341
198,Success,-468.4843908598101,0.0,160,0.8202885863627752
199,Success,76.54365646758536,0.0,55,0.8194682977764125
200,Success,-73.04957569149218,0.0,80,0.818648829478636
201,Success,102.0846784181623,0.0,55,0.8178301806491574
202,Success,-193.73434591009,0.0,85,0.8170123504685082
203,Success,-2515.863667921054,0.0,611,0.8161953381180397
204,Success,136.17100979550804,0.0,37,0.8153791427799216
205,Success,-59.03955487138458,0.0,99,0.8145637636371417
206,Success,-1756.7437623806334,0.0,432,0.8137491998735046
207,Success,-200.1999999999999,0.0,112,0.812935450673631
208,Success,-912.4166343849388,0.0,211,0.8121225152229574
209,Success,97.44606152432777,0.0,52,0.8113103927077344
210,Success,-159.56602474525621,0.0,88,0.8104990823150267
211,Success,-631.6678324128311,0.0,137,0.8096885832327116
212,Success,45.04261167894057,0.0,41,0.8088788946494789
213,Success,9.509526787535293,0.0,74,0.8080700157548294
214,Success,-675.078722396046,0.0,190,0.8072619457390746
215,Success,-1880.099999999986,0.0,381,0.8064546837933355
216,Success,64.41934287881483,0.0,51,0.8056482291095421
217,Success,-88.71770384646703,0.0,93,0.8048425808804326
218,Success,137.72922529773336,0.0,43,0.8040377382995522
219,Success,-20.546461113496008,0.0,61,0.8032337005612527
220,Success,-54.99757496126105,0.0,98,0.8024304668606914
221,Success,-17.920736523997093,0.0,60,0.8016280363938307
222,Success,-2176.747738839591,0.0,368,0.8008264083574369
223,Success,133.5614728488564,0.0,30,0.8000255819490795
224,Success,-616.5991728188367,0.0,219,0.7992255563671304
225,Success,37.66735602083638,0.0,42,0.7984263308107633
226,Success,-116.66070466868331,0.0,79,0.7976279044799526
227,Success,-421.1000000000005,0.0,71,0.7968302765754727
228,Success,-292.33279355506966,0.0,192,0.7960334462988972
229,Success,-937.8197929409984,0.0,178,0.7952374128525983
230,Success,108.467752448877,0.0,40,0.7944421754397457
231,Success,168.7283981165675,0.0,40,0.7936477332643059
232,Success,-1767.8939072641042,0.0,406,0.7928540855310416
233,Success,-43.718732251883296,0.0,72,0.7920612314455105
234,Success,-109.01778662420836,0.0,107,0.7912691702140651
235,Success,-170.4318689494838,0.0,139,0.790477901043851
236,Success,-511.74269164289467,0.0,156,0.7896874231428072
237,Success,-1049.7338465166188,0.0,231,0.7888977357196644
238,Success,-33.90710678118643,0.0,57,0.7881088379839447
239,Success,-361.4041892281184,0.0,168,0.7873207291459607
240,Success,-1125.0881589235175,0.0,260,0.7865334084168147
241,Success,-472.6974690246061,0.0,178,0.7857468750083979
242,Success,-209.06366792107994,0.0,113,0.7849611281333895
243,Success,-58.634797773162745,0.0,92,0.784176167005256
244,Success,-574.6537542124996,0.0,119,0.7833919908382508
245,Success,98.79289321881345,0.0,25,0.7826085988474126
246,Success,-417.0880315910355,0.0,146,0.7818259902485653
247,Success,-1078.9062796000196,0.0,250,0.7810441642583167
248,Success,-1310.5999999999926,0.0,301,0.7802631200940584
249,Success,-1009.4000000000013,0.0,294,0.7794828569739644
250,Success,139.6756864112295,0.0,23,0.7787033741169904
251,Success,-6.246370414157099,0.0,44,0.7779246707428734
252,Success,-533.5737727117025,0.0,117,0.7771467460721305
253,Success,107.82839811656746,0.0,39,0.7763695993260584
254,Success,-1821.4999999999836,0.0,400,0.7755932297267324
255,Success,-744.2393039424321,0.0,185,0.7748176364970056
256,Success,-746.8490371797767,0.0,175,0.7740428188605086
257,Success,-313.18721537561703,0.0,155,0.7732687760416481
258,Success,72.76962441868771,0.0,59,0.7724955072656065
259,Success,-1704.1999999999891,0.0,352,0.7717230117583408
260,Success,-1113.6277308633055,0.0,222,0.7709512887465825
261,Success,64.7018719698107,0.0,80,0.7701803374578359
262,Success,-578.4251407699397,0.0,256,0.7694101571203781
263,Success,-13.916883619695398,0.0,94,0.7686407469632577
264,Success,-840.8000000000038,0.0,238,0.7678721062162944
265,Success,-46.82598273667304,0.0,106,0.7671042341100781
266,Success,109.55353888650389,0.0,55,0.766337129875968
267,Success,133.86147284885632,0.0,57,0.7655707927460921
268,Success,-3809.257388321019,0.0,774,0.764805221953346
269,Success,110.61189062536138,0.0,85,0.7640404167313927
270,Success,-993.2000000000008,0.0,307,0.7632763763146613
271,Success,-372.0000000000007,0.0,130,0.7625130999383466
272,Success,-125.9363589313204,0.0,94,0.7617505868384082
273,Success,128.66064566769046,0.0,71,0.7609888362515699
274,Success,-579.5518029010306,0.0,175,0.7602278474153183
275,Success,-438.10000000000093,0.0,106,0.759467619567903
276,Success,-198.82040647464166,0.0,152,0.7587081519483351
277,Success,77.76064566769043,0.0,65,0.7579494437963867
278,Success,-1165.9495897207482,0.0,289,0.7571914943525904
279,Success,-2748.800174469786,0.0,615,0.7564343028582378
280,Success,16.625310169759857,0.0,56,0.7556778685553796
281,Success,132.2,0.0,23,0.7549221906868242
282,Success,-157.72969543695476,0.0,69,0.7541672684961374
283,Success,-88.81894113386812,0.0,94,0.7534131012276413
284,Success,50.13844718719113,0.0,48,0.7526596881264136
285,Success,-270.20213391545326,0.0,118,0.7519070284382872
286,Success,-1244.0573883210593,0.0,262,0.7511551214098489
287,Success,-932.4000000000016,0.0,164,0.750403966288439
288,Success,-152.32070567108426,0.0,91,0.7496535623221505
289,Success,-3677.6432547225963,0.0,662,0.7489039087598284
290,Success,-229.60000000000176,0.0,156,0.7481550048510686
291,Success,94.18488276970562,0.0,48,0.7474068498462175
292,Success,-538.0850392204145,0.0,123,0.7466594429963713
293,Success,-259.19220139968945,0.0,80,0.745912783553375
294,Success,18.908198063772602,0.0,41,0.7451668707698216
295,Success,101.55436606766983,0.0,33,0.7444217038990517
296,Success,-1936.7671630892498,0.0,436,0.7436772821951526
297,Success,-595.703263969296,0.0,104,0.7429336049129575
298,Success,75.02784306617414,0.0,100,0.7421906713080445
299,Success,86.38050352663248,0.0,57,0.7414484806367364
300,Success,97.30662289913029,0.0,57,0.7407070321560997
301,Success,-1365.9143734902734,0.0,300,0.7399663251239436
302,Success,-782.4000000000025,0.0,194,0.7392263587988196
303,Success,-304.10000000000093,0.0,96,0.7384871324400207
304,Success,-327.8000000000012,0.0,113,0.7377486453075807
305,Success,-450.8397507603513,0.0,180,0.737010896662273
306,Success,-28.568051427202676,0.0,63,0.7362738857656108
307,Success,-2887.499999999974,0.0,510,0.7355376118798452
308,Success,74.35353888650386,0.0,72,0.7348020742679654
309,Success,-5.539541514107128,0.0,79,0.7340672721936974
310,Success,-50.96482876113154,0.0,73,0.7333332049215037
311,Success,-1931.646134448396,0.0,372,0.7325998717165821
312,Success,126.09045643068472,0.0,42,0.7318672718448656
313,Success,-259.6537542124987,0.0,79,0.7311354045730207
314,Success,-1597.799172818829,0.0,296,0.7304042691684477
315,Success,110.2395697594405,0.0,30,0.7296738648992792
316,Success,-845.868659593998,0.0,191,0.7289441910343799
317,Success,-220.8310053655342,0.0,102,0.7282152468433455
318,Success,-529.8901033562564,0.0,188,0.7274870315965022
319,Success,-1216.7681309493782,0.0,321,0.7267595445649057
320,Success,61.35682524131364,0.0,37,0.7260327850203407
321,Success,-76.19241150991434,0.0,80,0.7253067522353204
322,Success,-1662.0999999999908,0.0,256,0.724581445483085
323,Success,-2555.7952912356614,0.0,491,0.723856864037602
324,Success,-12.678995106363516,0.0,74,0.7231330071735643
325,Success,-11.216162018939173,0.0,38,0.7224098741663908
326,Success,-405.2000000000013,0.0,127,0.7216874642922244
327,Success,-597.0071067811879,0.0,123,0.7209657768279322
328,Success,-4831.028693406523,0.0,701,0.7202448110511043
329,Success,-647.0666000095215,0.0,187,0.7195245662400531
330,Success,46.46857963004292,0.0,43,0.7188050416738131
331,Success,-1546.1385758254269,0.0,322,0.7180862366321393
332,Success,18.260249239649923,0.0,54,0.7173681503955072
333,Success,165.86147284885638,0.0,27,0.7166507822451117
334,Success,72.40924285241739,0.0,50,0.7159341314628666
335,Success,-1517.1239607292903,0.0,268,0.7152181973314037
336,Success,-2534.541565593426,0.0,399,0.7145029791340722
337,Success,81.23905904236273,0.0,43,0.7137884761549381
338,Success,167.29372039997935,0.0,33,0.7130746876787832
339,Success,-331.3339194237875,0.0,121,0.7123616129911045
340,Success,173.36064566769045,0.0,39,0.7116492513781133
341,Success,139.66775244887702,0.0,23,0.7109376021267352
342,Success,132.66064566769046,0.0,31,0.7102266645246085
343,Success,-66.88470314663647,0.0,71,0.7095164378600839
344,Success,-340.19546536898474,0.0,97,0.7088069214222238
345,Success,-1200.893456298557,0.0,198,0.7080981145008015
346,Success,77.26112737658949,0.0,31,0.7073900163863007
347,Success,119.36775244887698,0.0,66,0.7066826263699144
348,Success,-793.9605723264034,0.0,163,0.7059759437435444
349,Success,-5552.098394312016,0.0,882,0.7052699677998009
350,Success,128.667752448877,0.0,53,0.704564697832001
351,Success,-3210.3678324127955,0.0,574,0.7038601331341691
352,Success,-492.8125592000423,0.0,135,0.7031562730010349
353,Success,-400.7181139527031,0.0,106,0.7024531167280339
354,Success,-3125.297729762411,0.0,529,0.7017506636113059
355,Success,78.14365646758529,0.0,69,0.7010489129476946
356,Success,-1284.8343351065103,0.0,255,0.7003478640347469
357,Success,-5250.59777514668,0.0,722,0.6996475161707122
358,Success,-185.50627960002097,0.0,111,0.6989478686545415
359,Success,-4701.532247551139,0.0,740,0.698248920785887
360,Success,-9249.658853662067,0.0,1366,0.6975506718651011
361,Success,-1897.0376999699668,0.0,344,0.6968531211932361
362,Success,-2313.999999999982,0.0,395,0.6961562680720428
363,Success,-7847.449454358856,0.0,1171,0.6954601118039707
364,Success,-5390.006279600059,0.0,876,0.6947646516921667
365,Success,-4535.599999999993,0.0,756,0.6940698870404746
366,Success,127.81622176881598,0.0,42,0.6933758171534341
367,Success,-584.592973182767,0.0,138,0.6926824413362807
368,Success,-5021.703802830788,0.0,754,0.6919897588949444
369,Success,-1048.8196659812274,0.0,153,0.6912977691360495
370,Success,63.68661361879281,0.0,37,0.6906064713669134
371,Success,72.1705878364858,0.0,42,0.6899158648955466
372,Success,6.7323762905012785,0.0,61,0.689225949030651
373,Success,-5269.200000000029,0.0,792,0.6885367230816204
374,Success,109.39999999999999,0.0,31,0.6878481863585387
375,Success,80.4177975740896,0.0,49,0.6871603381721801
376,Success,-15.512499403839499,0.0,44,0.686473177834008
377,Success,19.84890453385023,0.0,57,0.685786704656174
378,Success,71.55076324877186,0.0,62,0.6851009179515178
379,Success,-1507.1497984240714,0.0,263,0.6844158170335664
380,Success,-1434.9062796000148,0.0,220,0.6837314012165328
381,Success,55.763932022500185,0.0,30,0.6830476698153162
382,Success,151.8606456676904,0.0,54,0.6823646221455009
383,Success,-8125.639282197746,0.0,1223,0.6816822575233553
384,Success,-947.0840050647206,0.0,190,0.6810005752658319
385,Success,119.67673119987427,0.0,62,0.680319574690566
386,Success,-79.27989989109858,0.0,86,0.6796392551158754
387,Success,155.51155003718594,0.0,33,0.6789596158607596
388,Success,108.21747090900409,0.0,46,0.6782806562448989
389,Success,-3373.4292828918024,0.0,531,0.677602375588654
390,Success,39.39999999999998,0.0,41,0.6769247732130653
391,Success,-208.28064389675635,0.0,101,0.6762478484398523
392,Success,-1118.3000000000002,0.0,193,0.6755716005914124
393,Success,13.174565135829283,0.0,46,0.674896028990821
394,Success,-3309.3531199717877,0.0,499,0.6742211329618302
395,Success,-16237.125140770486,0.0,2188,0.6735469118288684
396,Success,90.48731293517073,0.0,46,0.6728733649170395
397,Success,-5669.606279600079,0.0,852,0.6722004915521225
398,Success,-1900.4251407699203,0.0,416,0.6715282910605703
399,Success,-87.29999999999981,0.0,73,0.6708567627695098
400,Success,-295.6475823888967,0.0,85,0.6701859060067403
401,Success,138.26572402835845,0.0,32,0.6695157201007336
402,Success,-1823.9071067811785,0.0,252,0.6688462043806328
403,Success,-1677.9062796000137,0.0,275,0.6681773581762521
404,Success,-1588.421835190735,0.0,246,0.6675091808180759
405,Success,-3650.727656639741,0.0,552,0.6668416716372578
406,Success,-2179.9999999999854,0.0,340,0.6661748299656206
407,Success,-205.3581435520168,0.0,67,0.6655086551356549
408,Success,-197.88894405305902,0.0,106,0.6648431464805192
409,Success,-227.11489398984028,0.0,97,0.6641783033340387
410,Success,-1190.799999999999,0.0,168,0.6635141250307047
411,Success,-3436.2999999999706,0.0,528,0.662850610905674
412,Success,-4248.967832412809,0.0,555,0.6621877602947683
413,Success,159.00707777300784,0.0,46,0.6615255725344735
414,Success,114.66064566769045,0.0,51,0.660864046961939
415,Success,125.26775244887698,0.0,57,0.660203182914977
416,Success,168.56064566769044,0.0,37,0.6595429797320621
417,Success,109.65511328488329,0.0,50,0.6588834367523301
418,Success,-6294.075422309873,0.0,876,0.6582245533155777
419,Success,92.8725824709764,0.0,46,0.6575663287622622
420,Success,-1800.6620469189102,0.0,345,0.6569087624334999
421,Success,121.3358346177777,0.0,44,0.6562518536710664
422,Success,-9404.30000000022,0.0,1318,0.6555956018173954
423,Success,-267.2594721396681,0.0,87,0.654940006215578
424,Success,117.60660485821185,0.0,41,0.6542850662093624
425,Success,-616.300000000002,0.0,153,0.6536307811431531
426,Success,105.38271322846356,0.0,38,0.65297715036201
427,Success,168.12839811656747,0.0,26,0.6523241732116479
428,Success,-10224.325140770183,0.0,1285,0.6516718490384363
429,Success,127.4535388865039,0.0,31,0.6510201771893979
430,Success,-7132.6853832859,0.0,909,0.6503691570122084
431,Success,53.92129133538096,0.0,61,0.6497187878551962
432,Success,-6071.300000000053,0.0,803,0.649069069067341
433,Success,-2.7457104190854693,0.0,68,0.6484199999982736
434,Success,-4121.40804391909,0.0,595,0.6477715799982753
435,Success,-3871.281138830051,0.0,567,0.647123808418277
436,Success,109.1,0.0,24,0.6464766846098587
437,Success,-1130.3844775475623,0.0,197,0.6458302079252489
438,Success,146.92797615754523,0.0,28,0.6451843777173236
439,Success,-2360.699999999982,0.0,347,0.6445391933396063
440,Success,71.98276873639267,0.0,45,0.6438946541462667
441,Success,111.69289321881344,0.0,36,0.6432507594921204
442,Success,-774.700000000002,0.0,172,0.6426075087326283
443,Success,-12000.474730491002,0.0,1526,0.6419649012238956
444,Success,-3885.024448950782,0.0,508,0.6413229363226717
445,Success,157.36064566769042,0.0,39,0.640681613386349
446,Success,-2360.4999999999864,0.0,305,0.6400409317729626
447,Success,117.27547108523514,0.0,45,0.6394008908411897
448,Success,-6075.400000000061,0.0,784,0.6387614899503485
449,Success,143.73633207891993,0.0,35,0.6381227284603982
450,Success,-6465.5071067812505,0.0,808,0.6374846057319378
451,Success,140.60430213527582,0.0,27,0.6368471211262058
452,Success,-1185.0999999999983,0.0,196,0.6362102740050796
453,Success,-1649.5133863811998,0.0,264,0.6355740637310745
454,Success,-1244.728163023325,0.0,214,0.6349384896673435
455,Success,83.49999999999999,0.0,45,0.6343035511776761
456,Success,-7007.7459925507965,0.0,978,0.6336692476264985
457,Success,-3124.2999999999784,0.0,453,0.6330355783788719
458,Success,144.84261167894053,0.0,53,0.632402542800493
459,Success,-6082.200000000067,0.0,762,0.6317701402576925
460,Success,-2651.199999999983,0.0,342,0.6311383701174348
461,Success,-1039.1996457336306,0.0,176,0.6305072317473174
462,Success,-700.9220783135404,0.0,156,0.6298767245155701
463,Success,36.72420363200396,0.0,69,0.6292468477910546
464,Success,19.71829809017005,0.0,49,0.6286176009432635
465,Success,157.86064566769045,0.0,34,0.6279889833423202
466,Success,115.04734456734168,0.0,56,0.6273609943589779
467,Success,-3306.528987907168,0.0,459,0.6267336333646188
468,Success,156.367752448877,0.0,26,0.6261068997312542
469,Success,166.72839811656746,0.0,30,0.6254807928315229
470,Success,-4443.806279600013,0.0,534,0.6248553120386914
471,Success,-9302.023830473176,0.0,1178,0.6242304567266527
472,Success,-2695.256561139877,0.0,382,0.623606226269926
473,Success,7.6245776901906765,0.0,39,0.6229826200436561
474,Success,114.36775244887701,0.0,26,0.6223596374236124
475,Success,163.60481285235358,0.0,24,0.6217372777861888
476,Success,168.00325734663107,0.0,29,0.6211155405084027
477,Success,112.58539000958626,0.0,59,0.6204944249678943
478,Success,-6904.809669172242,0.0,937,0.6198739305429264
479,Success,-10132.90000000022,0.0,1264,0.6192540566123834
480,Success,-2138.2021699436405,0.0,316,0.6186348025557711
481,Success,-2627.2551097221954,0.0,351,0.6180161677532153
482,Success,-7241.5000000000955,0.0,910,0.6173981515854621
483,Success,-2127.167679107574,0.0,358,0.6167807534338766
484,Success,-10149.922838047232,0.0,1320,0.6161639726804428
485,Success,-5788.686693582797,0.0,788,0.6155478087077623
486,Success,-414.60000000000093,0.0,126,0.6149322608990545
487,Success,-3823.39999999997,0.0,524,0.6143173286381555
488,Success,76.1179284938158,0.0,51,0.6137030113095173
489,Success,-999.9000000000007,0.0,164,0.6130893082982078
490,Success,-494.800000000001,0.0,138,0.6124762189899097
491,Success,107.41851569764891,0.0,53,0.6118637427709198
492,Success,-7976.4986911100705,0.0,984,0.6112518790281489
493,Success,-880.0173012146893,0.0,165,0.6106406271491208
494,Success,-3343.692146001575,0.0,437,0.6100299865219717
495,Success,173.0614728488564,0.0,20,0.6094199565354498
496,Success,-3337.799999999973,0.0,458,0.6088105365789144
497,Success,-6052.107106781244,0.0,729,0.6082017260423355
498,Success,-2433.4079839457977,0.0,371,0.6075935243162931
499,Success,50.02617665443305,0.0,44,0.6069859307919768
500,Success,-2530.6678324128134,0.0,342,0.6063789448611848
501,Success,-5888.8197979531205,0.0,682,0.6057725659163237
502,Success,-677.5000000000015,0.0,165,0.6051667933504074
503,Success,-1892.6071067811783,0.0,254,0.6045616265570569
504,Success,152.56064566769044,0.0,52,0.6039570649304998
505,Success,-2892.1573883210353,0.0,453,0.6033531078655693
506,Success,169.52839811656747,0.0,32,0.6027497547577038
507,Success,130.54261167894057,0.0,26,0.602147005002946
508,Success,81.52839811656746,0.0,37,0.6015448579979431
509,Success,-163.22514076993613,0.0,89,0.6009433131399452
510,Success,171.7283981165675,0.0,30,0.6003423698268052
511,Success,-5059.206279600043,0.0,628,0.5997420274569785
512,Success,144.9866136187928,0.0,34,0.5991422854295215
513,Success,106.69762751410885,0.0,33,0.598543143144092
514,Success,-4473.973284831669,0.0,569,0.5979446000009478
515,Success,-3469.8367251323843,0.0,456,0.5973466554009469
516,Success,-17996.200000000197,0.0,2067,0.596749308745546
517,Success,-13979.82514077033,0.0,1695,0.5961525594368005
518,Success,-3908.832247551091,0.0,523,0.5955564068773637
519,Success,-3917.0999999999713,0.0,491,0.5949608504704863
520,Success,-1391.8999999999962,0.0,184,0.5943658896200158
521,Success,-12321.657388321408,0.0,1523,0.5937715237303958
522,Success,-170.04480675116426,0.0,62,0.5931777522066654
523,Success,-5392.742132150428,0.0,746,0.5925845744544587
524,Success,-1351.4752916242978,0.0,193,0.5919919898800042
525,Success,107.9857864376269,0.0,26,0.5913999978901242
526,Success,89.0080192432109,0.0,30,0.590808597892234
527,Success,-4992.70000000002,0.0,607,0.5902177892943418
528,Success,-3109.7735503399776,0.0,415,0.5896275715050474
529,Success,127.3515904299378,0.0,47,0.5890379439335424
530,Success,-1099.0254527845184,0.0,179,0.5884489059896089
531,Success,-10849.225140770199,0.0,1289,0.5878604570836192
532,Success,-4352.099999999987,0.0,556,0.5872725966265356
533,Success,-9468.71338638142,0.0,1161,0.5866853240299091
534,Success,-6218.100000000063,0.0,741,0.5860986387058792
535,Success,-19488.818033988704,0.0,2162,0.5855125400671733
536,Success,-178.80518831743458,0.0,77,0.5849270275271061
537,Success,-11825.819500736738,0.0,1468,0.584342100499579
538,Success,-2144.1071067811718,0.0,329,0.5837577583990794
539,Success,-2368.779533142031,0.0,363,0.5831740006406804
540,Success,-9129.000000000216,0.0,1165,0.5825908266400397
541,Success,-6046.8040357524205,0.0,634,0.5820082358133997
542,Success,-5190.378759620426,0.0,645,0.5814262275775862
543,Success,-27455.37493919263,0.0,3222,0.5808448013500086
544,Success,-975.3000000000008,0.0,158,0.5802639565486586
545,Success,-8681.60000000016,0.0,986,0.57968369259211
546,Success,-379.8497984240802,0.0,80,0.5791040088995179
547,Success,-189.78756834513675,0.0,88,0.5785249048906184
548,Success,173.06064566769044,0.0,22,0.5779463799857277
549,Success,115.78049926358305,0.0,32,0.577368433605742
550,Success,80.6838379810608,0.0,39,0.5767910651721362
551,Success,-853.380657121187,0.0,144,0.576214274106964
552,Success,-3389.9238304729506,0.0,477,0.5756380598328571
553,Success,-5922.700000000059,0.0,747,0.5750624217730242
554,Success,149.06064566769047,0.0,32,0.5744873593512512
555,Success,-13843.260410574845,0.0,1644,0.5739128719918999
556,Success,-24310.938527150447,0.0,2775,0.573338959119908
557,Success,-12170.567832413146,0.0,1441,0.572765620160788
558,Success,-623.8678324128305,0.0,119,0.5721928545406272
559,Success,-20968.199999999622,0.0,2477,0.5716206616860866
560,Success,-6983.724313588865,0.0,782,0.5710490410244006
561,Success,-25241.61421356141,0.0,2962,0.5704779919833761
562,Success,-5324.390194067867,0.0,706,0.5699075139913927
563,Success,-1145.1615528128073,0.0,166,0.5693376064774013
564,Success,164.43550489775402,0.0,30,0.5687682688709239
565,Success,-9439.500000000187,0.0,1070,0.5681995006020529
566,Success,169.82839811656748,0.0,19,0.5676313011014509
567,Success,-5773.792973182818,0.0,650,0.5670636698003494
568,Success,167.46064566769047,0.0,33,0.5664966061305491
569,Success,-264.9000000000003,0.0,59,0.5659301095244186
570,Success,155.4,0.0,21,0.5653641794148941
571,Success,150.26064566769043,0.0,60,0.5647988152354793
572,Success,-13068.724313589144,0.0,1527,0.5642340164202437
573,Success,80.5436032409354,0.0,51,0.5636697824038235
574,Success,-5228.8747304907065,0.0,605,0.5631061126214196
575,Success,-2459.6999999999844,0.0,337,0.5625430065087982
576,Success,-2462.3828915412773,0.0,324,0.5619804635022894
577,Success,-741.6000000000012,0.0,126,0.561418483038787
578,Success,-5038.9172867715415,0.0,696,0.5608570645557482
579,Success,-20528.114213562178,0.0,2337,0.5602962074911925
580,Success,-10926.500000000271,0.0,1265,0.5597359112837013
581,Success,-6122.857388321129,0.0,760,0.5591761753724176
582,Success,-20082.64693609844,0.0,2353,0.5586169991970452
583,Success,-13671.160725631984,0.0,1449,0.5580583821978482
584,Success,150.44643210531734,0.0,54,0.5575003238156504
585,Success,-14970.470905622393,0.0,1636,0.5569428234918348
586,Success,-2912.938527151125,0.0,350,0.5563858806683429
587,Success,139.48383798106082,0.0,31,0.5558294947876746
588,Success,-10592.400000000247,0.0,1204,0.5552736652928869
589,Success,-3859.5598984504486,0.0,506,0.5547183916275941
590,Success,-611.1000000000012,0.0,101,0.5541636732359665
591,Success,-3802.617206807554,0.0,483,0.5536095095627305
592,Success,-6124.299252782845,0.0,736,0.5530559000531677
593,Success,-11266.653754212773,0.0,1334,0.5525028441531146
594,Success,-2488.725140769923,0.0,294,0.5519503413089615
595,Success,-7848.841302789014,0.0,961,0.5513983909676525
596,Success,-969.3243135887725,0.0,163,0.5508469925766849
597,Success,-780.8920593138491,0.0,156,0.5502961455841082
598,Success,24.387364313203392,0.0,60,0.5497458494385241
599,Success,-32119.7702929914,0.0,3484,0.5491961035890855
600,Success,-14953.416561924592,0.0,1657,0.5486469074854965
601,Success,-4042.999999999975,0.0,465,0.548098260578011
602,Success,-3050.0999999999804,0.0,351,0.547550162317433
603,Success,-1811.7573883210525,0.0,224,0.5470026121551156
604,Success,140.86064566769045,0.0,34,0.5464556095429605
605,Success,-22578.780391612283,0.0,2565,0.5459091539334175
606,Success,-3387.1440819037803,0.0,424,0.5453632447794842
607,Success,-7311.200000000109,0.0,807,0.5448178815347047
608,Success,108.46064566769046,0.0,58,0.54427306365317
609,Success,-2344.0393543322957,0.0,288,0.5437287905895168
610,Success,89.63530054621063,0.0,64,0.5431850617989273
611,Success,-3137.906279600002,0.0,360,0.5426418767371284
612,Success,-5987.824313588822,0.0,658,0.5420992348603912
613,Success,82.88626814652594,0.0,48,0.5415571356255309
614,Success,-9988.600000000219,0.0,1206,0.5410155784899053
615,Success,-36971.94653759729,0.0,4082,0.5404745629114154
616,Success,-6869.236544369572,0.0,759,0.539934088348504
617,Success,-21855.75149190479,0.0,2352,0.5393941542601555
618,Success,-1435.2615528128051,0.0,187,0.5388547601058953
619,Success,120.59476518862417,0.0,29,0.5383159053457894
620,Success,169.33654968639883,0.0,25,0.5377775894404436
621,Success,-9638.324550003623,0.0,1135,0.5372398118510032
622,Success,-3249.3322475511,0.0,408,0.5367025720391522
623,Success,-7534.931420370059,0.0,882,0.536165869467113
624,Success,-16780.868315528973,0.0,1801,0.5356297035976458
625,Success,100.1535388865039,0.0,39,0.5350940738940482
626,Success,126.7052704371653,0.0,32,0.5345589798201541
627,Success,-8867.100000000155,0.0,926,0.534024420840334
628,Success,95.935504897754,0.0,30,0.5334903964194936
629,Success,-1893.9251407699276,0.0,246,0.5329569060230741
630,Success,-8774.4062796002,0.0,980,0.532423949117051
631,Success,-24418.750281539025,0.0,2616,0.531891525167934
632,Success,-9853.447022454806,0.0,1079,0.5313596336427661
633,Success,-577.999172818835,0.0,123,0.5308282740091232
634,Success,-8669.000000000182,0.0,1000,0.5302974457351142
635,Success,-1578.3678324128239,0.0,209,0.5297671482893791
636,Success,-8246.800000000143,0.0,893,0.5292373811410898
637,Success,-1534.9678324128263,0.0,190,0.5287081437599487
638,Success,-2427.6999999999853,0.0,287,0.5281794356161887
639,Success,132.06064566769044,0.0,42,0.5276512561805725
640,Success,-4322.299999999988,0.0,513,0.5271236049243919
641,Success,-25436.499999999087,0.0,2605,0.5265964813194676
642,Success,-31976.76783241083,0.0,3428,0.5260698848381481
643,Success,142.62839811656747,0.0,36,0.5255438149533099
644,Success,-15328.118033989154,0.0,1595,0.5250182711383566
645,Success,166.42211851654685,0.0,24,0.5244932528672183
646,Success,88.80702681723406,0.0,49,0.5239687596143511
647,Success,130.56064566769047,0.0,22,0.5234447908547367
648,Success,-3780.999999999974,0.0,445,0.522921346063882
649,Success,-12193.100563080025,0.0,1303,0.522398424717818
650,Success,-26734.80710678001,0.0,2716,0.5218760262931003
651,Success,-21576.5999999996,0.0,2336,0.5213541502668072
652,Success,-35824.432247548604,0.0,3754,0.5208327961165404
653,Success,119.51418455419436,0.0,48,0.5203119633204238
654,Success,-22245.599172818394,0.0,2274,0.5197916513571034
655,Success,-7368.481138830189,0.0,794,0.5192718597057463
656,Success,159.97360259262152,0.0,23,0.5187525878460405
657,Success,-2902.688245611251,0.0,374,0.5182338352581944
658,Success,128.16064566769046,0.0,21,0.5177156014229363
659,Success,-25999.499999998898,0.0,2725,0.5171978858215134
660,Success,-19973.922787091044,0.0,2114,0.5166806879356919
661,Success,144.84643210531738,0.0,35,0.5161640072477562
662,Success,131.5852233578811,0.0,47,0.5156478432405085
663,Success,-7767.000000000129,0.0,900,0.515132195397268
664,Success,172.76147284885639,0.0,18,0.5146170632018707
665,Success,-5021.967832412843,0.0,560,0.5141024461386688
666,Success,161.63005247889927,0.0,27,0.5135883436925301
667,Success,-15802.700000000425,0.0,1747,0.5130747553488376
668,Success,-16816.300000000323,0.0,1683,0.5125616805934888
669,Success,-39011.854415180715,0.0,4094,0.5120491189128954
670,Success,120.57333804942567,0.0,31,0.5115370697939825
671,Success,-11742.900000000276,0.0,1289,0.5110255327241885
672,Success,-10975.80000000024,0.0,1168,0.5105145071914643
673,Success,-7522.100000000115,0.0,851,0.5100039926842729
674,Success,-13153.418033989057,0.0,1403,0.5094939886915886
675,Success,-10372.500000000195,0.0,1020,0.508984494702897
676,Success,148.92562247883546,0.0,30,0.508475510208194
677,Success,-60731.899999993715,0.0,6269,0.5079670346979859
678,Success,-17824.227730863513,0.0,1948,0.5074590676632879
679,Success,-11425.600000000235,0.0,1166,0.5069516085956246
680,Success,-1795.8999999999921,0.0,239,0.506444656987029
681,Success,127.76064566769045,0.0,35,0.505938212330042
682,Success,-26820.355596314083,0.0,2822,0.505432274117712
683,Success,165.15159042993784,0.0,29,0.5049268418435943
684,Success,146.44261167894052,0.0,37,0.5044219150017507
685,Success,52.521291335380894,0.0,70,0.5039174930867489
686,Success,-14634.40000000036,0.0,1564,0.5034135755936622
687,Success,-10734.19297318298,0.0,1114,0.5029101620180685
688,Success,-6992.000000000087,0.0,750,0.5024072518560504
689,Success,152.33550489775402,0.0,21,0.5019048446041944
690,Success,88.96927894642084,0.0,65,0.5014029397595902
691,Success,-2455.4999999999873,0.0,290,0.5009015368198305
692,Success,-3226.8251407699167,0.0,345,0.5004006352830107
693,Success,-50321.9503614993,0.0,5083,0.4999002346477277
694,Success,-17764.200000000164,0.0,1817,0.49940033441307996
695,Success,154.66064566769046,0.0,21,0.49890093407866687
696,Success,170.00325734663107,0.0,29,0.4984020331445882
697,Success,-10356.52514077015,0.0,1102,0.4979036311114436
698,Success,-37024.70462523504,0.0,3799,0.4974057274803321
699,Success,-16301.900000000436,0.0,1689,0.49690832175285177
700,Success,-22733.680311648375,0.0,2449,0.4964114134310989
701,Success,-3782.1999999999757,0.0,407,0.4959150020176678
702,Success,-23911.6999999993,0.0,2377,0.49541908701565013
703,Success,-2212.7251407699264,0.0,254,0.49492366792863446
704,Success,-3005.3847438293105,0.0,381,0.4944287442607058
705,Success,-4654.200000000008,0.0,482,0.4939343155164451
706,Success,-17007.0749391943,0.0,1714,0.4934403812009287
707,Success,-57724.69999999449,0.0,5727,0.4929469408197278
708,Success,-62385.067832406756,0.0,6001,0.49245399387890804
709,Success,-3201.5757663751615,0.0,361,0.4919615398850291
710,Success,127.87248674417242,0.0,43,0.4914695783451441
711,Success,-10836.325140770148,0.0,1080,0.4909781087667989
712,Success,-1284.999999999997,0.0,180,0.4904871306580321
713,Success,-5446.300000000028,0.0,503,0.4899966435273741
714,Success,-12936.607106781466,0.0,1314,0.4895066468838467
715,Success,-23455.09999999931,0.0,2421,0.48901714023696286
716,Success,-11490.506279600271,0.0,1211,0.4885281230967259
717,Success,-48935.325140765635,0.0,4890,0.48803959497362914
718,Success,-33839.22514076769,0.0,3534,0.4875515553786555
719,Success,125.46064566769044,0.0,28,0.48706400382327686
720,Success,-252.53852715114405,0.0,86,0.4865769398194536
721,Success,163.86064566769045,0.0,39,0.48609036287963414
722,Success,-12997.099172819127,0.0,1339,0.48560427251675453
723,Success,132.267752448877,0.0,22,0.48511866824423777
724,Success,140.79337492771248,0.0,46,0.4846335495759935
725,Success,118.61036412781758,0.0,35,0.4841489160264175
726,Success,-37133.699999997494,0.0,3607,0.4836647671103911
727,Success,-1865.5999999999933,0.0,226,0.4831811023432807
728,Success,-26718.018033987675,0.0,2664,0.4826979212409374
729,Success,134.26064566769045,0.0,30,0.48221522331969646
730,Success,-15008.257388321425,0.0,1519,0.48173300809637676
731,Success,-38054.63852714843,0.0,3747,0.48125127508828036
732,Success,-10145.699172819042,0.0,1060,0.48077002381319206
733,Success,-730.4251407699376,0.0,96,0.48028925378937887
734,Success,164.56064566769044,0.0,27,0.47980896453558947
735,Success,145.56147284885634,0.0,50,0.4793291555710539
736,Success,-6395.201745476843,0.0,696,0.47884982641548285
737,Success,-5221.272615382435,0.0,576,0.47837097658906735
738,Success,-33983.313949458934,0.0,3319,0.47789260561247826
739,Success,-65130.799999993484,0.0,6338,0.4774147130068658
740,Success,-9033.900000000147,0.0,854,0.4769372982938589
741,Success,4.000000000000028,0.0,45,0.47646036099556505
742,Success,-16544.4322475515,0.0,1669,0.47598390063456947
743,Success,-6823.700000000081,0.0,707,0.4755079167339349
744,Success,-2630.499999999987,0.0,295,0.47503240881720094
745,Success,-22424.299999999494,0.0,2158,0.47455737640838375
746,Success,-55159.67889497731,0.0,5416,0.47408281903197536
747,Success,-5931.732649194973,0.0,619,0.47360873621294336
748,Success,-34884.3251407678,0.0,3360,0.4731351274767304
749,Success,-22630.430075747445,0.0,2309,0.4726619923492537
750,Success,-18998.80007996394,0.0,1923,0.47218933035690447
751,Success,152.767752448877,0.0,22,0.47171714102654755
752,Success,-16699.242153239396,0.0,1630,0.471245423885521
753,Success,-11127.400000000222,0.0,1059,0.47077417846163544
754,Success,-1814.2999999999927,0.0,233,0.4703034042831738
755,Success,-2621.7565611398813,0.0,282,0.46983310087889063
756,Success,-21679.361552812406,0.0,2063,0.46936326777801174
757,Success,-10378.992146001809,0.0,1075,0.4688939045102337
758,Success,159.5535388865039,0.0,35,0.4684250106057235
759,Success,-25309.10710678031,0.0,2469,0.46795658559511777
760,Success,92.46962441868773,0.0,47,0.46748862900952265
761,Success,-4354.978894982427,0.0,474,0.4670211403805131
762,Success,-103451.82514078463,0.0,9965,0.4665541192401326
763,Success,153.22839811656746,0.0,35,0.4660875651208925
764,Success,-35565.699999997734,0.0,3412,0.4656214775557716
765,Success,-4397.050919699481,0.0,460,0.46515585607821586
766,Success,-15019.800000000389,0.0,1518,0.46469070022213765
767,Success,-1374.7999999999968,0.0,183,0.4642260095219155
768,Success,-51018.80710677668,0.0,4996,0.4637617835123936
769,Success,-18426.875422309913,0.0,1834,0.46329802172888124
770,Success,-12291.600000000264,0.0,1216,0.46283472370715234
771,Success,-13674.000000000322,0.0,1360,0.46237188898344517
772,Success,-3126.9644951022265,0.0,359,0.4619095170944617
773,Success,-23900.5445204854,0.0,2330,0.46144760757736725
774,Success,130.56064566769047,0.0,22,0.46098615996978987
775,Success,-43592.599999996644,0.0,4141,0.46052517380982005
776,Success,-30951.69999999837,0.0,2987,0.4600646486360102
777,Success,-20919.024313588565,0.0,1995,0.4596045839873742
778,Success,-70700.26783240946,0.0,6733,0.45914497940338683
779,Success,-20916.61734216938,0.0,2066,0.4586858344239834
780,Success,91.08661361879278,0.0,48,0.45822714858955943
781,Success,145.1748592300636,0.0,25,0.45776892144096987
782,Success,120.49086479829488,0.0,58,0.4573111525195289
783,Success,123.31127799673618,0.0,48,0.4568538413670094
784,Success,130.4,0.0,16,0.4563969875256424
785,Success,-9630.972559984482,0.0,895,0.45594059053811675
786,Success,105.56775244887697,0.0,69,0.45548464994757865
787,Success,-10794.400000000207,0.0,1034,0.45502916529763104
788,Success,-918.6319834497046,0.0,151,0.45457413613233344
789,Success,-7218.267832412918,0.0,693,0.4541195619962011
790,Success,132.66064566769046,0.0,26,0.4536654424342049
791,Success,-7792.32201434313,0.0,790,0.45321177699177073
792,Success,43.027759956960615,0.0,73,0.452758565214779
793,Success,-56461.23935432718,0.0,5350,0.4523058066495642
794,Success,-1840.499999999992,0.0,215,0.45185350084291465
795,Success,-4312.499999999987,0.0,475,0.4514016473420717
796,Success,-12804.725140770208,0.0,1264,0.45095024569472963
797,Success,-13907.700000000319,0.0,1327,0.4504992954490349
798,Success,-3852.199999999977,0.0,407,0.45004879615358584
799,Success,-41997.49999999689,0.0,3995,0.44959874735743227
800,Success,-8521.900000000122,0.0,804,0.4491491486100748
801,Success,-39581.599999997125,0.0,3786,0.44869999946146477
802,Success,-18863.358337627913,0.0,1785,0.4482512994620033
803,Success,121.30408452779692,0.0,49,0.4478030481625413
804,Success,-9488.500000000171,0.0,975,0.44735524511437874
805,Success,-18483.200000000073,0.0,1712,0.4469078898692644
806,Success,-7337.998345637774,0.0,771,0.4464609819793951
807,Success,-24036.59999999931,0.0,2256,0.44601452099741573
808,Success,-21176.467832412545,0.0,2105,0.4455685064764183
809,Success,-51854.710524051225,0.0,4971,0.4451229379699419
810,Success,-31888.19999999824,0.0,2972,0.44467781503197196
811,Success,108.68522335788113,0.0,61,0.44423313721693997
812,Success,-36478.29999999759,0.0,3473,0.44378890407972305
813,Success,103.46775244887698,0.0,55,0.44334511517564335
814,Success,-21413.674939193756,0.0,2045,0.4429017700604677
815,Success,166.66064566769046,0.0,26,0.44245886829040726
816,Success,168.16064566769046,0.0,26,0.44201640942211684
817,Success,-32357.032247549367,0.0,3025,0.44157439301269474
818,Success,-19702.199999999917,0.0,1912,0.44113281861968207
819,Success,171.76064566769048,0.0,25,0.4406916858010624
820,Fail,-104595.00000001457,15.065928598239745,10000,0.4402509941152613
821,Success,-5419.725140769967,0.0,554,0.43981074312114604
822,Success,-31239.217342168013,0.0,2902,0.4393709323780249
823,Success,-49381.299999995776,0.0,4623,0.4389315614456469
824,Success,-32899.25738831917,0.0,3064,0.43849262988420123
825,Success,127.29999999999998,0.0,22,0.438054137254317
826,Success,175.36064566769045,0.0,24,0.4376160831170627
827,Success,-21341.570483994557,0.0,2017,0.43717846703394564
828,Fail,-106684.00000001572,15.273324528857978,10000,0.4367412885669117
829,Success,-10729.600000000208,0.0,1021,0.4363045472783448
830,Success,132.77485923006353,0.0,34,0.43586824273106645
831,Success,-92785.20627960915,0.0,8848,0.4354323744883354
832,Success,-18621.907106781262,0.0,1722,0.43499694211384704
833,Success,-11135.200000000217,0.0,1037,0.4345619451717332
834,Fail,-106523.00000001566,31.7735993167817,10000,0.43412738322656147
835,Success,169.92839811656748,0.0,28,0.4336932558433349
836,Success,166.94365646758536,0.0,26,0.43325956258749154
837,Success,-91244.40000000787,0.0,8609,0.43282630302490405
838,Success,-11468.724659061267,0.0,1115,0.43239347672187917
839,Success,-22731.690194067323,0.0,2219,0.4319610832451573
840,Success,146.5114089164624,0.0,25,0.43152912216191214
841,Success,-21718.499999999636,0.0,2010,0.4310975930397502
842,Success,-72944.19999999767,0.0,6732,0.43066649544671043
843,Success,-44897.07411200938,0.0,4167,0.4302358289512637
844,Success,160.76064566769045,0.0,30,0.4298055931223125
845,Success,-6615.000000000075,0.0,670,0.42937578752919014
846,Success,-62016.599999994396,0.0,5656,0.4289464117416609
847,Fail,-108960.00000001742,15.72770942274907,10000,0.42851746532991924
848,Success,-5324.200000000032,0.0,517,0.42808894786458934
849,Success,-35270.49999999783,0.0,3275,0.42766085891672473
850,Success,-19006.449316715156,0.0,1792,0.427233198057808
851,Success,-59308.7062795947,0.0,5503,0.4268059648597502
852,Success,88.28383798106083,0.0,38,0.4263791588948904
853,Success,163.28522335788114,0.0,35,0.42595277973599555
854,Success,-25950.607106780288,0.0,2434,0.42552682695625954
855,Success,-43826.76783240948,0.0,4128,0.4251013001293033
856,Success,-8417.41191083957,0.0,799,0.424676198829174
857,Success,-19253.067832412857,0.0,1861,0.4242515226303448
858,Success,-2711.5999999999867,0.0,276,0.42382727110771445
859,Success,-60497.40710677585,0.0,5442,0.4234034438366067
860,Success,140.86147284885635,0.0,47,0.4229800403927701
861,Success,-100780.43935434517,0.0,9172,0.42255706035237733
862,Success,-12042.390194068079,0.0,1091,0.42213450329202495
863,Success,94.96775244887698,0.0,35,0.4217123687887329
864,Success,-25188.89999999914,0.0,2324,0.4212906564199442
865,Fail,-109075.00000001688,4.0012752953854065,10000,0.42086936576352424
866,Success,147.92562247883546,0.0,20,0.4204484963977607
867,Success,-26908.31023538742,0.0,2490,0.42002804790136294
868,Success,-42214.299999996925,0.0,3828,0.4196080198534616
869,Fail,-110250.0000000168,16.0108054547897,10000,0.4191884118336081
870,Success,-82893.50000000345,0.0,7605,0.41876922342177453
871,Success,-36971.93142036756,0.0,3422,0.41835045419835276
872,Success,162.635504897754,0.0,28,0.4179321037441544
873,Success,171.96147284885637,0.0,21,0.41751417164041027
874,Success,-49477.30710677714,0.0,4501,0.41709665746876984
875,Success,-28505.84269164159,0.0,2677,0.4166795608113011
876,Success,-91320.10000000769,0.0,8411,0.41626288125048977
877,Success,-7754.300000000102,0.0,733,0.41584661836923925
878,Success,-43479.49999999679,0.0,4020,0.41543077175087
879,Success,149.96064566769041,0.0,48,0.41501534097911913
880,Success,-34472.59999999792,0.0,3206,0.41460032563814003
881,Success,136.02839811656744,0.0,62,0.4141857253125019
882,Success,155.6535388865039,0.0,34,0.41377153958718943
883,Success,151.06064566769047,0.0,27,0.4133577680476022
884,Success,-14472.800000000318,0.0,1303,0.4129444102795546
885,Success,-16073.40000000037,0.0,1454,0.412531465869275
886,Success,133.06064566769044,0.0,27,0.41211893440340575
887,Success,-57701.09999999492,0.0,5241,0.41170681546900234
888,Success,175.83550489775402,0.0,16,0.41129510865353336
889,Success,-375.2000000000006,0.0,72,0.41088381354487985
890,Success,-39323.48065711856,0.0,3575,0.410472929731335
891,Success,-75246.54897124201,0.0,6775,0.41006245680160364
892,Success,-26294.299999998995,0.0,2468,0.40965239434480205
893,Success,-10503.70000000019,0.0,977,0.40924274195045723
894,Success,-10522.706279600225,0.0,1023,0.40883349920850676
895,Success,-15112.729385225992,0.0,1422,0.40842466570929825
896,Success,-20441.099999999824,0.0,1971,0.40801624104358897
897,Success,-24886.49999999926,0.0,2195,0.4076082248025454
898,Success,-37256.29999999772,0.0,3283,0.4072006165777428
899,Success,-19069.325140769943,0.0,1715,0.4067934159611651
900,Success,-15729.907106781551,0.0,1457,0.4063866225452039
901,Success,-81031.10000000232,0.0,7181,0.4059802359226587
902,Success,-24861.29999999922,0.0,2223,0.40557425568673605
903,Success,-64328.49999999409,0.0,5800,0.40516868143104934
904,Success,-10020.500000000182,0.0,915,0.4047635127496183
905,Success,-13194.181138830354,0.0,1196,0.4043587492368687
906,Success,-1170.7999999999986,0.0,133,0.4039543904876318
907,Fail,-113632.00000001868,16.35023390045023,10000,0.4035504360971442
908,Fail,-109377.000000017,31.775820448145595,10000,0.40314688566104706
909,Success,170.16147284885636,0.0,24,0.402743738775386
910,Success,-23161.899999999507,0.0,2089,0.4023409950366106
911,Success,-10060.700000000183,0.0,962,0.401938654041574
912,Success,-68531.43224754678,0.0,6024,0.4015367153875324
913,Success,-73864.69999999861,0.0,6532,0.4011351786721449
914,Success,-65305.49999999403,0.0,5815,0.40073404349347275
915,Success,140.5866136187928,0.0,33,0.40033330944997925
916,Fail,-113361.00000001804,16.45632115588956,10000,0.39993297614052925
917,Success,-46692.19730084543,0.0,4212,0.3995330431643887
918,Success,-52637.29999999575,0.0,4643,0.39913351012122433
919,Success,-23351.767085194995,0.0,2111,0.3987343766111031
920,Success,-33576.499999998014,0.0,3090,0.398335642234492
921,Success,-13835.600000000299,0.0,1281,0.3979373065922575
922,Success,-53914.89999999556,0.0,4729,0.39753936928566525
923,Success,-3728.3888086909938,0.0,388,0.3971418299163796
924,Success,140.20187196981072,0.0,30,0.3967446880864632
925,Success,-62498.59999999432,0.0,5576,0.3963479433983767
926,Success,-44618.65738831777,0.0,4023,0.3959515954549783
927,Success,139.35163496341596,0.0,32,0.39555564385952335
928,Success,-40918.099999997154,0.0,3731,0.39516008821566384
929,Success,-6314.700000000057,0.0,602,0.3947649281274482
930,Success,-32781.799999998235,0.0,2918,0.3943701631993207
931,Success,-5429.51338638123,0.0,564,0.3939757930361214
932,Success,123.667752448877,0.0,33,0.3935818172430853
933,Success,-82713.60000000305,0.0,7351,0.3931882354258422
934,Success,-23977.19999999938,0.0,2172,0.39279504719041636
935,Success,-14936.100000000324,0.0,1341,0.39240225214322594
936,Success,-4077.499999999984,0.0,385,0.39200984989108273
937,Success,106.0,0.0,20,0.39161784004119166
938,Success,-85656.92522073817,0.0,7576,0.39122622220115044
939,Success,-86026.35829199344,0.0,7644,0.3908349959789493
940,Success,-97526.90000001044,0.0,8489,0.3904441609829703
941,Fail,-113470.0000000189,16.67977086491288,10000,0.3900537168219873
942,Success,-17813.600000000173,0.0,1571,0.3896636631051653
943,Success,132.62987713553468,0.0,29,0.38927399944206015
944,Success,-41567.40710677821,0.0,3742,0.3888847254426181
945,Success,-21762.29999999963,0.0,1958,0.38849584071717547
946,Success,-4339.5999999999885,0.0,406,0.3881073448764583
947,Success,172.86064566769045,0.0,24,0.3877192375315819
948,Success,-32185.099999998256,0.0,2851,0.3873315182940503
949,Success,173.26064566769048,0.0,20,0.38694418677575626
950,Fail,-113737.00000001858,16.733453868485505,10000,0.3865572425889805
951,Success,-56330.49999999533,0.0,4960,0.38617068534639154
952,Success,-33947.29999999801,0.0,3048,0.38578451466104513
953,Success,-77634.10000000075,0.0,6861,0.3853987301463841
954,Success,133.36064566769045,0.0,59,0.3850133314162377
955,Success,-55338.99999999528,0.0,4985,0.3846283180848215
956,Success,175.46064566769047,0.0,18,0.3842436897667367
957,Success,-71926.30710677858,0.0,6246,0.3838594460769699
958,Fail,-114550.00000001902,32.21502443861711,10000,0.38347558663089293
959,Success,139.06064566769044,0.0,37,0.38309211104426205
960,Success,-8278.032247551237,0.0,780,0.3827090189332178
961,Success,-18260.800000000112,0.0,1603,0.38232630991428457
962,Fail,-114259.00000001874,31.778944688053784,10000,0.38194398360437026
963,Success,-33612.206279598104,0.0,3008,0.3815620396207659
964,Success,29.099999999999994,0.0,29,0.38118047758114515
965,Success,-41060.299999997194,0.0,3583,0.380799297103564
966,Success,-30641.69999999856,0.0,2712,0.3804184978064605
967,Success,-34007.46783241083,0.0,3020,0.380038079308654
968,Fail,-113099.00000001857,30.888159523909103,10000,0.3796580412293454
969,Success,174.76064566769048,0.0,25,0.379278383188116
970,Success,-69571.49999999639,0.0,6095,0.3788991048049279
971,Success,-38044.918033986294,0.0,3333,0.37852020570012296
972,Success,-22525.58821476295,0.0,2012,0.37814168549442284
973,Fail,-115258.00000001949,16.90870710004438,10000,0.3777635438089284
974,Success,157.56064566769047,0.0,17,0.3773857802651195
975,Fail,-114957.00000001854,31.878478793038443,10000,0.37700839448485435
976,Success,121.52839811656747,0.0,37,0.3766313860903695
977,Success,156.66775244887697,0.0,38,0.37625475470427916
978,Success,177.86064566769045,0.0,14,0.3758784999495749
979,Fail,-115881.00000001927,16.939313892699218,10000,0.3755026214496253
980,Success,-40681.79999999727,0.0,3588,0.3751271188281757
981,Success,-16857.751746880906,0.0,1479,0.3747519917093475
982,Fail,-114467.0000000185,32.371613084295845,10000,0.37437723971763814
983,Fail,-113560.00000001793,16.97259183077495,10000,0.37400286247792053
984,Success,-19370.699999999946,0.0,1757,0.3736288596154426
985,Fail,-115525.00000001953,16.985265905728916,10000,0.37325523075582717
986,Success,-15132.700000000335,0.0,1352,0.37288197552507135
987,Success,-17666.60000000014,0.0,1566,0.37250909354954626
988,Fail,-114883.00000001918,17.00061222990377,10000,0.37213658445599673
989,Success,-76090.9630739931,0.0,6579,0.3717644478715407
990,Success,-27397.706279598955,0.0,2383,0.3713926834236692
991,Success,-6291.706279600069,0.0,573,0.37102129074024554
992,Success,-19481.057388321005,0.0,1667,0.3706502694495053
993,Success,-24462.799999999253,0.0,2208,0.3702796191800558
994,Success,71.68605053904703,0.0,39,0.36990933956087574
995,Success,94.63550489775402,0.0,48,0.36953943022131486
996,Success,-20219.59999999989,0.0,1791,0.3691698907910935
997,Success,-662.2062796000217,0.0,93,0.3688007209003024
998,Fail,-117715.00000001989,17.02877737816007,10000,0.36843192017940213
999,Success,173.33550489775402,0.0,21,0.36806348825922275
1000,Fail,-116915.00000001983,17.037876866309986,10000,0.3676954247709635
1001,Success,170.66064566769046,0.0,26,0.36732772934619257
1002,Success,79.27967208241712,0.0,64,0.3669604016168464
1003,Fail,-116952.00000001989,17.046373921777544,10000,0.3665934412152296
1004,Fail,-115329.0000000189,15.751423023101575,10000,0.3662268477740143
1005,Success,-26795.99999999904,0.0,2270,0.36586062092624033
1006,Success,-47092.614507653154,0.0,4028,0.3654947603053141
1007,Success,-26005.407106780312,0.0,2262,0.36512926554500874
1008,Success,-91617.70000000714,0.0,7832,0.36476413627946375
1009,Success,-36198.807106779044,0.0,3136,0.3643993721431843
1010,Success,-113415.60000001908,0.0,9816,0.36403497277104113
1011,Success,148.26064566769045,0.0,30,0.3636709377982701
1012,Fail,-116803.0000000201,31.917646951984874,10000,0.3633072668604718
1013,Success,-64779.520643071824,0.0,5557,0.36294395959361136
1014,Success,-22515.49999999956,0.0,1940,0.36258101563401773
1015,Success,-48661.432649191185,0.0,4216,0.3622184346183837
1016,Fail,-116551.00000001997,17.109949399691438,10000,0.36185621618376534
1017,Success,-53790.10627959565,0.0,4717,0.36149435996758156
1018,Success,-10162.325140770108,0.0,915,0.361132865607614
1019,Success,-42078.39999999709,0.0,3599,0.36077173274200636
1020,Success,-86342.90000000453,0.0,7284,0.36041096100926434
1021,Success,-46087.206279596576,0.0,4098,0.3600505500482551
1022,Fail,-116872.00000001916,17.14420268925863,10000,0.35969049949820686
1023,Fail,-117725.0000000201,17.155439341240573,10000,0.3593308089987087
1024,Fail,-116904.00000001951,17.165084810823892,10000,0.35897147818971
1025,Success,171.3103641278176,0.0,23,0.3586125067115203
1026,Fail,-118982.00000002031,17.17375467517113,10000,0.35825389420480874
1027,Success,134.76147284885636,0.0,58,0.35789564031060395
1028,Success,-51333.29999999603,0.0,4348,0.35753774467029337
1029,Fail,-117207.00000002014,17.190324810017202,10000,0.3571802069256231
1030,Success,-40290.91338637859,0.0,3443,0.3568230267186975
1031,Success,-42747.499999997075,0.0,3725,0.3564662036919788
1032,Success,-64165.91533483236,0.0,5393,0.35610973748828684
1033,Fail,-117165.00000001954,17.219798550478103,10000,0.35575362775079855
1034,Success,-1496.7251407699332,0.0,164,0.35539787412304774
1035,Success,-84225.88113883379,0.0,7188,0.3550424762489247
1036,Success,-104029.70710679438,0.0,8950,0.3546874337726758
1037,Success,132.2116744247768,0.0,65,0.35433274633890316
1038,Fail,-118339.0000000204,17.248271281332144,10000,0.35397841359256427
1039,Fail,-115646.00000001902,32.22791090570589,10000,0.3536244351789717
1040,Success,-70418.69999999681,0.0,6022,0.35327081074379274
1041,Fail,-118920.0000000205,17.26802466851892,10000,0.352917539933049
1042,Success,-13368.594438523802,0.0,1191,0.3525646223931159
1043,Fail,-118219.00000002026,17.274719234745387,10000,0.3522120577707228
1044,Fail,-118222.00000002059,17.28101524157291,10000,0.3518598457129521
1045,Success,-91033.76366792773,0.0,7710,0.35150798586723914
1046,Fail,-116436.00000002023,15.797800793608479,10000,0.3511564778813719
1047,Success,-16296.800000000343,0.0,1418,0.3508053214034905
1048,Success,174.16064566769046,0.0,21,0.35045451608208705
1049,Success,-81269.50000000212,0.0,7055,0.350104061566005
1050,Fail,-117635.00000002052,32.730805828009935,10000,0.349753957504439
1051,Success,-319.00000000000034,0.0,60,0.3494042035469346
1052,Success,-104349.80000001367,0.0,8953,0.3490547993433876
1053,Success,-24891.607106780528,0.0,2079,0.34870574454404424
1054,Success,-100807.50000001209,0.0,8620,0.3483570387995002
1055,Success,-112181.00000001708,0.0,9495,0.3480086817607007
1056,Success,-31711.19999999849,0.0,2637,0.34766067307894
1057,Fail,-118529.00000002004,15.807997694680084,10000,0.34731301240586104
1058,Fail,-117418.00000001983,32.33325839983758,10000,0.3469656993934552
1059,Success,150.367752448877,0.0,26,0.3466187336940617
1060,Success,-109679.00000001624,0.0,9380,0.34627211496036764
1061,Success,-108784.70000001576,0.0,9157,0.3459258428454073
1062,Success,-76904.3000000001,0.0,6523,0.34557991700256185
1063,Success,-77270.50000000022,0.0,6575,0.3452343370855593
1064,Success,-53726.26783240867,0.0,4603,0.34488910274847373
1065,Success,-98015.5062796102,0.0,8301,0.34454421364572524
1066,Success,-6014.600000000038,0.0,506,0.3441996694320795
1067,Success,-43069.09999999702,0.0,3711,0.34385546976264747
1068,Fail,-118530.00000002011,17.426270858710655,10000,0.34351161429288485
1069,Fail,-117855.00000002029,17.43591315658084,10000,0.34316810267859194
1070,Success,-16822.76700523195,0.0,1451,0.34282493457591334
1071,Success,-87700.6000000053,0.0,7361,0.3424821096413374
1072,Success,156.15353888650392,0.0,19,0.3421396275316961
1073,Success,155.56064566769044,0.0,37,0.34179748790416437
1074,Success,172.06064566769047,0.0,22,0.3414556904162602
1075,Success,138.4444836487513,0.0,29,0.34111423472584396
1076,Success,-27450.699999999015,0.0,2302,0.34077312049111813
1077,Success,-25921.39999999918,0.0,2174,0.340432347370627
1078,Success,-56503.06783240826,0.0,4751,0.34009191502325636
1079,Success,-84485.67889498605,0.0,7081,0.3397518231082331
1080,Success,124.53550489775401,0.0,44,0.33941207128512485
1081,Fail,-120317.00000002097,17.466165454033604,10000,0.3390726592138397
1082,Fail,-119449.00000002081,17.47547129715786,10000,0.3387335865546259
1083,Fail,-118217.00000002033,17.489715493609552,10000,0.33839485296807126
1084,Success,-12736.900000000234,0.0,1079,0.3380564581151032
1085,Fail,-118379.00000002045,17.50235190207314,10000,0.33771840165698813
1086,Success,-4724.100000000009,0.0,431,0.33738068325533116
1087,Success,-35220.45661653601,0.0,3032,0.3370433025720758
1088,Success,172.56064566769044,0.0,27,0.33670625926950376
1089,Success,-93460.20000000826,0.0,7897,0.33636955301023425
1090,Fail,-119653.00000002047,32.93834905379882,10000,0.336033183457224
1091,Fail,-120362.00000002109,17.540036571803263,10000,0.3356971502737668
1092,Success,141.46147284885635,0.0,51,0.335361453123493
1093,Success,94.94365646758531,0.0,91,0.3350260916703695
1094,Fail,-119835.00000002082,17.548747821057237,10000,0.33469106557869915
1095,Fail,-121025.00000002107,32.52218037776867,10000,0.33435637451312045
1096,Fail,-120090.00000002081,15.835189392189832,10000,0.3340220181386073
1097,Fail,-120340.00000002071,17.570876834039037,10000,0.33368799612046873
1098,Fail,-121614.00000002178,17.577517445149013,10000,0.33335430812434824
1099,Success,-7288.9000000000815,0.0,619,0.3330209538162239
1100,Fail,-120280.00000002114,17.583835162233843,10000,0.33268793286240766
1101,Success,-75801.09999999947,0.0,6291,0.33235524492954527
1102,Fail,-119651.0000000204,17.59453686262071,10000,0.33202288968461574
1103,Fail,-120815.00000002059,17.60133976065776,10000,0.33169086679493115
1104,Success,-35625.899999998066,0.0,2939,0.33135917592813624
1105,Success,-116290.60000001903,0.0,9711,0.3310278167522081
1106,Success,-41740.10710677846,0.0,3469,0.3306967889354559
1107,Fail,-119267.00000002068,17.61586576562867,10000,0.33036609214652046
1108,Success,-73454.95656113813,0.0,6229,0.3300357260543739
1109,Success,-97986.4000000099,0.0,8159,0.32970569032831953
1110,Fail,-122378.0000000216,17.633038935775158,10000,0.3293759846379912
1111,Success,172.92839811656748,0.0,18,0.3290466086533532
1112,Fail,-121201.00000002087,17.63880663968617,10000,0.3287175620446999
1113,Success,-96017.22514077889,0.0,7944,0.32838884448265515
1114,Success,157.3212913353809,0.0,37,0.3280604556381725
1115,Success,-15270.567832413157,0.0,1306,0.32773239518253433
1116,Fail,-120706.00000002155,32.631162641555505,10000,0.3274046627873518
1117,Success,-11376.306279600227,0.0,964,0.32707725812456445
1118,Success,-22329.606279599582,0.0,1902,0.32675018086643987
1119,Fail,-120457.0000000211,17.65645627965567,10000,0.32642343068557345
1120,Fail,-120332.00000002117,17.662981338416106,10000,0.3260970072548879
1121,Success,-39820.699999997545,0.0,3327,0.325770910247633
1122,Success,-62588.499999994725,0.0,5295,0.32544513933738534
1123,Success,-81411.70000000231,0.0,6902,0.3251196941980479
1124,Fail,-120191.00000002104,17.67774929999948,10000,0.32479457450384985
1125,Fail,-121220.0000000214,17.684912684621306,10000,0.324469779929346
1126,Fail,-119864.00000002077,15.851619967040076,10000,0.32414531014941667
1127,Fail,-121878.00000002138,33.120513119972244,10000,0.32382116483926726
1128,Success,-85858.2071067856,0.0,7110,0.323497343674428
1129,Success,-63763.89999999456,0.0,5299,0.3231738463307536
1130,Success,135.3425351921852,0.0,30,0.32285067248442284
1131,Success,-90392.40000000641,0.0,7524,0.3225278218119384
1132,Fail,-120366.00000002077,17.708796954581867,10000,0.3222052939901265
1133,Fail,-121388.00000002107,17.712721149279755,10000,0.32188308869613635
1134,Fail,-121262.0000000212,17.716962556619638,10000,0.3215612056074402
1135,Success,-106942.26783242724,0.0,8693,0.3212396444018328
1136,Success,-8920.307106781309,0.0,751,0.32091840475743094
1137,Success,-44508.00710677812,0.0,3788,0.3205974863526735
1138,Fail,-122297.00000002164,17.727715237727537,10000,0.32027688886632083
1139,Success,-24567.499999999298,0.0,2050,0.3199566119774545
1140,Fail,-119796.00000002081,17.735644350116353,10000,0.31963665536547703
1141,Fail,-122416.00000002135,17.7417088555393,10000,0.31931701871011153
1142,Success,-8700.090194067958,0.0,763,0.3189977016914014
1143,Fail,-122574.00000002151,17.74601541762456,10000,0.31867870398971
1144,Fail,-121848.00000002138,17.749361848524618,10000,0.31836002528572027
1145,Success,-70334.49999999683,0.0,5775,0.31804166526043454
1146,Success,-96206.7000000095,0.0,8012,0.3177236235951741
1147,Fail,-123064.00000002148,32.74328655209215,10000,0.3174058999715789
1148,Success,-50587.73852714739,0.0,4148,0.31708849407160733
1149,Fail,-121209.00000002084,34.074618597994615,10000,0.31677140557753575
1150,Fail,-120787.000000021,17.763819694484724,10000,0.31645463417195824
1151,Success,-63328.09999999481,0.0,5141,0.3161381795377863
1152,Fail,-121817.00000002093,17.768391025233722,10000,0.3158220413582485
1153,Success,150.36064566769042,0.0,44,0.3155062193168902
1154,Success,-118811.0000000202,0.0,9670,0.31519071309757335
1155,Fail,-122702.00000002173,17.77366129548886,10000,0.3148755223844758
1156,Success,-70698.99999999712,0.0,5770,0.31456064686209134
1157,Fail,-121095.00000002125,17.777787271003607,10000,0.31424608621522926
1158,Fail,-122144.00000002155,17.779851193565435,10000,0.31393184012901404
1159,Fail,-122094.00000002168,15.866070775884209,10000,0.31361790828888503
1160,Fail,-121873.00000002127,17.785247033370474,10000,0.31330429038059615
1161,Success,175.56064566769047,0.0,17,0.31299098609021553
1162,Success,-69280.3565611363,0.0,5703,0.3126779951041253
1163,Success,-2496.4062796000103,0.0,245,0.31236531710902116
1164,Success,-118562.9000000196,0.0,9704,0.3120529517919121
1165,Fail,-122015.00000002148,17.791455572133543,10000,0.3117408988401202
1166,Fail,-122573.00000002145,17.793739047749444,10000,0.31142915794128007
1167,Success,-65980.89999999474,0.0,5419,0.31111772878333877
1168,Success,-12834.512559200286,0.0,1112,0.3108066110545554
1169,Success,-86565.80000000427,0.0,7198,0.3104958044435009
